<?xml version='1.0' encoding='UTF-8' standalone='no'?>
<doxygen xmlns:xsi="http://www.w3.org/2001/XMLSchema-instance" xsi:noNamespaceSchemaLocation="compound.xsd" version="1.8.13">
  <compounddef id="api_8h" kind="file" language="C++">
    <compoundname>api.h</compoundname>
    <includes local="no">gnuradio/attributes.h</includes>
    <includedby refid="cac__bb_8h" local="no">cac_bb.h</includedby>
    <incdepgraph>
      <node id="1">
        <label>gnuradio/attributes.h</label>
      </node>
      <node id="0">
        <label>api.h</label>
        <link refid="api_8h"/>
        <childnode refid="1" relation="include">
        </childnode>
      </node>
    </incdepgraph>
    <invincdepgraph>
      <node id="3">
        <label>cac_bb.h</label>
        <link refid="cac__bb_8h"/>
      </node>
      <node id="2">
        <label>api.h</label>
        <link refid="api_8h"/>
        <childnode refid="3" relation="include">
        </childnode>
      </node>
    </invincdepgraph>
      <sectiondef kind="define">
      <memberdef kind="define" id="api_8h_1ab842cd333dc05015035f07d7f646f6bc" prot="public" static="no">
        <name>CAC_CPP_API</name>
        <initializer>__GR_ATTR_IMPORT</initializer>
        <briefdescription>
        </briefdescription>
        <detaileddescription>
        </detaileddescription>
        <inbodydescription>
        </inbodydescription>
        <location file="/home/it/investigacao/OOT/gr-cac_cpp/include/cac_cpp/api.h" line="31" column="10" bodyfile="/home/it/investigacao/OOT/gr-cac_cpp/include/cac_cpp/api.h" bodystart="31" bodyend="-1"/>
      </memberdef>
      </sectiondef>
    <briefdescription>
    </briefdescription>
    <detaileddescription>
    </detaileddescription>
    <programlisting>
<codeline lineno="1"><highlight class="comment">/*</highlight></codeline>
<codeline lineno="2"><highlight class="comment"><sp/>*<sp/>Copyright<sp/>2011<sp/>Free<sp/>Software<sp/>Foundation,<sp/>Inc.</highlight></codeline>
<codeline lineno="3"><highlight class="comment"><sp/>*</highlight></codeline>
<codeline lineno="4"><highlight class="comment"><sp/>*<sp/>This<sp/>file<sp/>was<sp/>generated<sp/>by<sp/>gr_modtool,<sp/>a<sp/>tool<sp/>from<sp/>the<sp/>GNU<sp/>Radio<sp/>framework</highlight></codeline>
<codeline lineno="5"><highlight class="comment"><sp/>*<sp/>This<sp/>file<sp/>is<sp/>a<sp/>part<sp/>of<sp/>gr-cac_cpp</highlight></codeline>
<codeline lineno="6"><highlight class="comment"><sp/>*</highlight></codeline>
<codeline lineno="7"><highlight class="comment"><sp/>*<sp/>GNU<sp/>Radio<sp/>is<sp/>free<sp/>software;<sp/>you<sp/>can<sp/>redistribute<sp/>it<sp/>and/or<sp/>modify</highlight></codeline>
<codeline lineno="8"><highlight class="comment"><sp/>*<sp/>it<sp/>under<sp/>the<sp/>terms<sp/>of<sp/>the<sp/>GNU<sp/>General<sp/>Public<sp/>License<sp/>as<sp/>published<sp/>by</highlight></codeline>
<codeline lineno="9"><highlight class="comment"><sp/>*<sp/>the<sp/>Free<sp/>Software<sp/>Foundation;<sp/>either<sp/>version<sp/>3,<sp/>or<sp/>(at<sp/>your<sp/>option)</highlight></codeline>
<codeline lineno="10"><highlight class="comment"><sp/>*<sp/>any<sp/>later<sp/>version.</highlight></codeline>
<codeline lineno="11"><highlight class="comment"><sp/>*</highlight></codeline>
<codeline lineno="12"><highlight class="comment"><sp/>*<sp/>GNU<sp/>Radio<sp/>is<sp/>distributed<sp/>in<sp/>the<sp/>hope<sp/>that<sp/>it<sp/>will<sp/>be<sp/>useful,</highlight></codeline>
<codeline lineno="13"><highlight class="comment"><sp/>*<sp/>but<sp/>WITHOUT<sp/>ANY<sp/>WARRANTY;<sp/>without<sp/>even<sp/>the<sp/>implied<sp/>warranty<sp/>of</highlight></codeline>
<codeline lineno="14"><highlight class="comment"><sp/>*<sp/>MERCHANTABILITY<sp/>or<sp/>FITNESS<sp/>FOR<sp/>A<sp/>PARTICULAR<sp/>PURPOSE.<sp/><sp/>See<sp/>the</highlight></codeline>
<codeline lineno="15"><highlight class="comment"><sp/>*<sp/>GNU<sp/>General<sp/>Public<sp/>License<sp/>for<sp/>more<sp/>details.</highlight></codeline>
<codeline lineno="16"><highlight class="comment"><sp/>*</highlight></codeline>
<codeline lineno="17"><highlight class="comment"><sp/>*<sp/>You<sp/>should<sp/>have<sp/>received<sp/>a<sp/>copy<sp/>of<sp/>the<sp/>GNU<sp/>General<sp/>Public<sp/>License</highlight></codeline>
<codeline lineno="18"><highlight class="comment"><sp/>*<sp/>along<sp/>with<sp/>GNU<sp/>Radio;<sp/>see<sp/>the<sp/>file<sp/>COPYING.<sp/><sp/>If<sp/>not,<sp/>write<sp/>to</highlight></codeline>
<codeline lineno="19"><highlight class="comment"><sp/>*<sp/>the<sp/>Free<sp/>Software<sp/>Foundation,<sp/>Inc.,<sp/>51<sp/>Franklin<sp/>Street,</highlight></codeline>
<codeline lineno="20"><highlight class="comment"><sp/>*<sp/>Boston,<sp/>MA<sp/>02110-1301,<sp/>USA.</highlight></codeline>
<codeline lineno="21"><highlight class="comment"><sp/>*/</highlight><highlight class="normal"></highlight></codeline>
<codeline lineno="22"><highlight class="normal"></highlight></codeline>
<codeline lineno="23"><highlight class="normal"></highlight><highlight class="preprocessor">#ifndef<sp/>INCLUDED_CAC_CPP_API_H</highlight><highlight class="normal"></highlight></codeline>
<codeline lineno="24"><highlight class="normal"></highlight><highlight class="preprocessor">#define<sp/>INCLUDED_CAC_CPP_API_H</highlight><highlight class="normal"></highlight></codeline>
<codeline lineno="25"><highlight class="normal"></highlight></codeline>
<codeline lineno="26"><highlight class="normal"></highlight><highlight class="preprocessor">#include<sp/>&lt;gnuradio/attributes.h&gt;</highlight><highlight class="normal"></highlight></codeline>
<codeline lineno="27"><highlight class="normal"></highlight></codeline>
<codeline lineno="28"><highlight class="normal"></highlight><highlight class="preprocessor">#ifdef<sp/>gnuradio_cac_cpp_EXPORTS</highlight><highlight class="normal"></highlight></codeline>
<codeline lineno="29"><highlight class="normal"></highlight><highlight class="preprocessor">#define<sp/>CAC_CPP_API<sp/>__GR_ATTR_EXPORT</highlight><highlight class="normal"></highlight></codeline>
<codeline lineno="30"><highlight class="normal"></highlight><highlight class="preprocessor">#else</highlight><highlight class="normal"></highlight></codeline>
<codeline lineno="31" refid="api_8h_1ab842cd333dc05015035f07d7f646f6bc" refkind="member"><highlight class="normal"></highlight><highlight class="preprocessor">#define<sp/>CAC_CPP_API<sp/>__GR_ATTR_IMPORT</highlight><highlight class="normal"></highlight></codeline>
<codeline lineno="32"><highlight class="normal"></highlight><highlight class="preprocessor">#endif</highlight><highlight class="normal"></highlight></codeline>
<codeline lineno="33"><highlight class="normal"></highlight></codeline>
<codeline lineno="34"><highlight class="normal"></highlight><highlight class="preprocessor">#endif<sp/></highlight><highlight class="comment">/*<sp/>INCLUDED_CAC_CPP_API_H<sp/>*/</highlight><highlight class="preprocessor"></highlight></codeline>
    </programlisting>
    <location file="/home/it/investigacao/OOT/gr-cac_cpp/include/cac_cpp/api.h"/>
  </compounddef>
</doxygen>
