<?xml version='1.0' encoding='UTF-8' standalone='no'?>
<doxygen xmlns:xsi="http://www.w3.org/2001/XMLSchema-instance" xsi:noNamespaceSchemaLocation="compound.xsd" version="1.8.13">
  <compounddef id="cac__bb_8h" kind="file" language="C++">
    <compoundname>cac_bb.h</compoundname>
    <includes refid="api_8h" local="no">cac_cpp/api.h</includes>
    <includes local="no">gnuradio/block.h</includes>
    <incdepgraph>
      <node id="4">
        <label>cac_bb.h</label>
        <link refid="cac__bb_8h"/>
        <childnode refid="5" relation="include">
        </childnode>
        <childnode refid="7" relation="include">
        </childnode>
      </node>
      <node id="6">
        <label>gnuradio/attributes.h</label>
      </node>
      <node id="5">
        <label>cac_cpp/api.h</label>
        <link refid="api_8h"/>
        <childnode refid="6" relation="include">
        </childnode>
      </node>
      <node id="7">
        <label>gnuradio/block.h</label>
      </node>
    </incdepgraph>
    <innerclass refid="classgr_1_1cac__cpp_1_1cac__bb" prot="public">gr::cac_cpp::cac_bb</innerclass>
    <innernamespace refid="namespacegr">gr</innernamespace>
    <innernamespace refid="namespacegr_1_1cac__cpp">gr::cac_cpp</innernamespace>
    <briefdescription>
    </briefdescription>
    <detaileddescription>
    </detaileddescription>
    <programlisting>
<codeline lineno="1"><highlight class="comment">/*<sp/>-*-<sp/>c++<sp/>-*-<sp/>*/</highlight><highlight class="normal"></highlight></codeline>
<codeline lineno="2"><highlight class="normal"></highlight><highlight class="comment">/*<sp/></highlight></codeline>
<codeline lineno="3"><highlight class="comment"><sp/>*<sp/>Copyright<sp/>2020<sp/>andre<sp/>silva.</highlight></codeline>
<codeline lineno="4"><highlight class="comment"><sp/>*<sp/></highlight></codeline>
<codeline lineno="5"><highlight class="comment"><sp/>*<sp/>This<sp/>is<sp/>free<sp/>software;<sp/>you<sp/>can<sp/>redistribute<sp/>it<sp/>and/or<sp/>modify</highlight></codeline>
<codeline lineno="6"><highlight class="comment"><sp/>*<sp/>it<sp/>under<sp/>the<sp/>terms<sp/>of<sp/>the<sp/>GNU<sp/>General<sp/>Public<sp/>License<sp/>as<sp/>published<sp/>by</highlight></codeline>
<codeline lineno="7"><highlight class="comment"><sp/>*<sp/>the<sp/>Free<sp/>Software<sp/>Foundation;<sp/>either<sp/>version<sp/>3,<sp/>or<sp/>(at<sp/>your<sp/>option)</highlight></codeline>
<codeline lineno="8"><highlight class="comment"><sp/>*<sp/>any<sp/>later<sp/>version.</highlight></codeline>
<codeline lineno="9"><highlight class="comment"><sp/>*<sp/></highlight></codeline>
<codeline lineno="10"><highlight class="comment"><sp/>*<sp/>This<sp/>software<sp/>is<sp/>distributed<sp/>in<sp/>the<sp/>hope<sp/>that<sp/>it<sp/>will<sp/>be<sp/>useful,</highlight></codeline>
<codeline lineno="11"><highlight class="comment"><sp/>*<sp/>but<sp/>WITHOUT<sp/>ANY<sp/>WARRANTY;<sp/>without<sp/>even<sp/>the<sp/>implied<sp/>warranty<sp/>of</highlight></codeline>
<codeline lineno="12"><highlight class="comment"><sp/>*<sp/>MERCHANTABILITY<sp/>or<sp/>FITNESS<sp/>FOR<sp/>A<sp/>PARTICULAR<sp/>PURPOSE.<sp/><sp/>See<sp/>the</highlight></codeline>
<codeline lineno="13"><highlight class="comment"><sp/>*<sp/>GNU<sp/>General<sp/>Public<sp/>License<sp/>for<sp/>more<sp/>details.</highlight></codeline>
<codeline lineno="14"><highlight class="comment"><sp/>*<sp/></highlight></codeline>
<codeline lineno="15"><highlight class="comment"><sp/>*<sp/>You<sp/>should<sp/>have<sp/>received<sp/>a<sp/>copy<sp/>of<sp/>the<sp/>GNU<sp/>General<sp/>Public<sp/>License</highlight></codeline>
<codeline lineno="16"><highlight class="comment"><sp/>*<sp/>along<sp/>with<sp/>this<sp/>software;<sp/>see<sp/>the<sp/>file<sp/>COPYING.<sp/><sp/>If<sp/>not,<sp/>write<sp/>to</highlight></codeline>
<codeline lineno="17"><highlight class="comment"><sp/>*<sp/>the<sp/>Free<sp/>Software<sp/>Foundation,<sp/>Inc.,<sp/>51<sp/>Franklin<sp/>Street,</highlight></codeline>
<codeline lineno="18"><highlight class="comment"><sp/>*<sp/>Boston,<sp/>MA<sp/>02110-1301,<sp/>USA.</highlight></codeline>
<codeline lineno="19"><highlight class="comment"><sp/>*/</highlight><highlight class="normal"></highlight></codeline>
<codeline lineno="20"><highlight class="normal"></highlight></codeline>
<codeline lineno="21"><highlight class="normal"></highlight></codeline>
<codeline lineno="22"><highlight class="normal"></highlight><highlight class="preprocessor">#ifndef<sp/>INCLUDED_CAC_CPP_CAC_BB_H</highlight><highlight class="normal"></highlight></codeline>
<codeline lineno="23"><highlight class="normal"></highlight><highlight class="preprocessor">#define<sp/>INCLUDED_CAC_CPP_CAC_BB_H</highlight><highlight class="normal"></highlight></codeline>
<codeline lineno="24"><highlight class="normal"></highlight></codeline>
<codeline lineno="25"><highlight class="normal"></highlight><highlight class="preprocessor">#include<sp/>&lt;<ref refid="api_8h" kindref="compound">cac_cpp/api.h</ref>&gt;</highlight><highlight class="normal"></highlight></codeline>
<codeline lineno="26"><highlight class="normal"></highlight><highlight class="preprocessor">#include<sp/>&lt;gnuradio/block.h&gt;</highlight><highlight class="normal"></highlight></codeline>
<codeline lineno="27"><highlight class="normal"></highlight></codeline>
<codeline lineno="28" refid="namespacegr" refkind="compound"><highlight class="normal"></highlight><highlight class="keyword">namespace<sp/></highlight><highlight class="normal"><ref refid="namespacegr" kindref="compound">gr</ref><sp/>{</highlight></codeline>
<codeline lineno="29" refid="namespacegr_1_1cac__cpp" refkind="compound"><highlight class="normal"><sp/><sp/></highlight><highlight class="keyword">namespace<sp/></highlight><highlight class="normal">cac_cpp<sp/>{</highlight></codeline>
<codeline lineno="30"><highlight class="normal"></highlight></codeline>
<codeline lineno="36" refid="classgr_1_1cac__cpp_1_1cac__bb" refkind="compound"><highlight class="normal"><sp/><sp/><sp/><sp/></highlight><highlight class="keyword">class<sp/></highlight><highlight class="normal"><ref refid="api_8h_1ab842cd333dc05015035f07d7f646f6bc" kindref="member">CAC_CPP_API</ref><sp/><ref refid="classgr_1_1cac__cpp_1_1cac__bb" kindref="compound">cac_bb</ref><sp/>:<sp/></highlight><highlight class="keyword">virtual</highlight><highlight class="normal"><sp/></highlight><highlight class="keyword">public</highlight><highlight class="normal"><sp/>gr::block</highlight></codeline>
<codeline lineno="37"><highlight class="normal"><sp/><sp/><sp/><sp/>{</highlight></codeline>
<codeline lineno="38"><highlight class="normal"><sp/><sp/><sp/><sp/><sp/></highlight><highlight class="keyword">public</highlight><highlight class="normal">:</highlight></codeline>
<codeline lineno="39" refid="classgr_1_1cac__cpp_1_1cac__bb_1abd8c2355c6c893da18e9009e7b3e860c" refkind="member"><highlight class="normal"><sp/><sp/><sp/><sp/><sp/><sp/></highlight><highlight class="keyword">typedef</highlight><highlight class="normal"><sp/>boost::shared_ptr&lt;cac_bb&gt;<sp/><ref refid="classgr_1_1cac__cpp_1_1cac__bb_1abd8c2355c6c893da18e9009e7b3e860c" kindref="member">sptr</ref>;</highlight></codeline>
<codeline lineno="40"><highlight class="normal"></highlight></codeline>
<codeline lineno="49"><highlight class="normal"><sp/><sp/><sp/><sp/><sp/><sp/></highlight><highlight class="keyword">static</highlight><highlight class="normal"><sp/>sptr<sp/>make(</highlight><highlight class="keyword">const</highlight><highlight class="normal"><sp/>std::string&amp;<sp/>access_code,<sp/></highlight><highlight class="keywordtype">int</highlight><highlight class="normal"><sp/>threshold);</highlight></codeline>
<codeline lineno="50"><highlight class="normal"><sp/><sp/><sp/><sp/><sp/><sp/></highlight><highlight class="keyword">virtual</highlight><highlight class="normal"><sp/></highlight><highlight class="keywordtype">bool</highlight><highlight class="normal"><sp/>set_access_code(</highlight><highlight class="keyword">const</highlight><highlight class="normal"><sp/>std::string&amp;<sp/>access_code)<sp/>=<sp/>0;</highlight></codeline>
<codeline lineno="51"><highlight class="normal"><sp/><sp/><sp/><sp/><sp/><sp/></highlight><highlight class="keyword">virtual</highlight><highlight class="normal"><sp/></highlight><highlight class="keywordtype">unsigned</highlight><highlight class="normal"><sp/></highlight><highlight class="keywordtype">long</highlight><highlight class="normal"><sp/></highlight><highlight class="keywordtype">long</highlight><highlight class="normal"><sp/>access_code()<sp/></highlight><highlight class="keyword">const</highlight><highlight class="normal"><sp/>=<sp/>0;</highlight></codeline>
<codeline lineno="52"><highlight class="normal"><sp/><sp/><sp/><sp/>};</highlight></codeline>
<codeline lineno="53"><highlight class="normal"></highlight></codeline>
<codeline lineno="54"><highlight class="normal"><sp/><sp/>}<sp/></highlight><highlight class="comment">//<sp/>namespace<sp/>cac_cpp</highlight><highlight class="normal"></highlight></codeline>
<codeline lineno="55"><highlight class="normal">}<sp/></highlight><highlight class="comment">//<sp/>namespace<sp/>gr</highlight><highlight class="normal"></highlight></codeline>
<codeline lineno="56"><highlight class="normal"></highlight></codeline>
<codeline lineno="57"><highlight class="normal"></highlight><highlight class="preprocessor">#endif<sp/></highlight><highlight class="comment">/*<sp/>INCLUDED_CAC_CPP_CAC_BB_H<sp/>*/</highlight><highlight class="preprocessor"></highlight><highlight class="normal"></highlight></codeline>
<codeline lineno="58"><highlight class="normal"></highlight></codeline>
    </programlisting>
    <location file="/home/it/investigacao/OOT/gr-cac_cpp/include/cac_cpp/cac_bb.h"/>
  </compounddef>
</doxygen>
