<?xml version='1.0' encoding='UTF-8' standalone='no'?>
<doxygen xmlns:xsi="http://www.w3.org/2001/XMLSchema-instance" xsi:noNamespaceSchemaLocation="compound.xsd" version="1.8.13">
  <compounddef id="dir_ca8aab4a7dc2808552e03a0458cde6b1" kind="dir">
    <compoundname>cac_cpp</compoundname>
    <innerfile refid="api_8h">api.h</innerfile>
    <innerfile refid="cac__bb_8h">cac_bb.h</innerfile>
    <briefdescription>
    </briefdescription>
    <detaileddescription>
    </detaileddescription>
    <location file="/home/it/investigacao/OOT/gr-cac_cpp/include/cac_cpp/"/>
  </compounddef>
</doxygen>
