<?xml version='1.0' encoding='UTF-8' standalone='no'?>
<doxygenindex xmlns:xsi="http://www.w3.org/2001/XMLSchema-instance" xsi:noNamespaceSchemaLocation="index.xsd" version="1.8.13">
  <compound refid="classgr_1_1cac__cpp_1_1cac__bb" kind="class"><name>gr::cac_cpp::cac_bb</name>
    <member refid="classgr_1_1cac__cpp_1_1cac__bb_1abd8c2355c6c893da18e9009e7b3e860c" kind="typedef"><name>sptr</name></member>
    <member refid="classgr_1_1cac__cpp_1_1cac__bb_1a8beaf4d2b9ac63ae269eecfb3e95e483" kind="function"><name>make</name></member>
    <member refid="classgr_1_1cac__cpp_1_1cac__bb_1a515c7878704ea8116b16c90f2205c490" kind="function"><name>set_access_code</name></member>
    <member refid="classgr_1_1cac__cpp_1_1cac__bb_1aa1227550e58fe04c97f0b26bc07fb965" kind="function"><name>access_code</name></member>
  </compound>
  <compound refid="namespacegr" kind="namespace"><name>gr</name>
  </compound>
  <compound refid="namespacegr_1_1cac__cpp" kind="namespace"><name>gr::cac_cpp</name>
  </compound>
  <compound refid="namespacestd" kind="namespace"><name>std</name>
  </compound>
  <compound refid="api_8h" kind="file"><name>api.h</name>
    <member refid="api_8h_1ab842cd333dc05015035f07d7f646f6bc" kind="define"><name>CAC_CPP_API</name></member>
  </compound>
  <compound refid="cac__bb_8h" kind="file"><name>cac_bb.h</name>
  </compound>
  <compound refid="dir_ca8aab4a7dc2808552e03a0458cde6b1" kind="dir"><name>cac_cpp</name>
  </compound>
  <compound refid="dir_d44c64559bbebec7f509842c48db8b23" kind="dir"><name>include</name>
  </compound>
</doxygenindex>
