<?xml version='1.0' encoding='UTF-8' standalone='no'?>
<doxygen xmlns:xsi="http://www.w3.org/2001/XMLSchema-instance" xsi:noNamespaceSchemaLocation="compound.xsd" version="1.8.13">
  <compounddef id="namespacegr_1_1cac__cpp" kind="namespace" language="C++">
    <compoundname>gr::cac_cpp</compoundname>
    <innerclass refid="classgr_1_1cac__cpp_1_1cac__bb" prot="public">gr::cac_cpp::cac_bb</innerclass>
    <briefdescription>
    </briefdescription>
    <detaileddescription>
    </detaileddescription>
    <location file="/home/it/investigacao/OOT/gr-cac_cpp/include/cac_cpp/cac_bb.h" line="29" column="1"/>
  </compounddef>
</doxygen>
