<?xml version='1.0' encoding='UTF-8' standalone='no'?>
<doxygen xmlns:xsi="http://www.w3.org/2001/XMLSchema-instance" xsi:noNamespaceSchemaLocation="compound.xsd" version="1.8.13">
  <compounddef id="classgr_1_1scrambler__cpp_1_1custom__scrambler" kind="class" language="C++" prot="public">
    <compoundname>gr::scrambler_cpp::custom_scrambler</compoundname>
    <basecompoundref prot="public" virt="virtual">block</basecompoundref>
    <includes refid="custom__scrambler_8h" local="no">custom_scrambler.h</includes>
      <sectiondef kind="public-type">
      <memberdef kind="typedef" id="classgr_1_1scrambler__cpp_1_1custom__scrambler_1acb2e86850cbb24a316cdbd63e8b431f5" prot="public" static="no">
        <type>boost::shared_ptr&lt; <ref refid="classgr_1_1scrambler__cpp_1_1custom__scrambler" kindref="compound">custom_scrambler</ref> &gt;</type>
        <definition>typedef boost::shared_ptr&lt;custom_scrambler&gt; gr::scrambler_cpp::custom_scrambler::sptr</definition>
        <argsstring></argsstring>
        <name>sptr</name>
        <briefdescription>
        </briefdescription>
        <detaileddescription>
        </detaileddescription>
        <inbodydescription>
        </inbodydescription>
        <location file="/home/andre/investigacao/gr-scrambler_cpp/include/scrambler_cpp/custom_scrambler.h" line="39" column="1" bodyfile="/home/andre/investigacao/gr-scrambler_cpp/include/scrambler_cpp/custom_scrambler.h" bodystart="39" bodyend="-1"/>
      </memberdef>
      </sectiondef>
      <sectiondef kind="public-static-func">
      <memberdef kind="function" id="classgr_1_1scrambler__cpp_1_1custom__scrambler_1a3d3540ee73a508c61cbe90b3dcb085f6" prot="public" static="yes" const="no" explicit="no" inline="no" virt="non-virtual">
        <type><ref refid="classgr_1_1scrambler__cpp_1_1custom__scrambler_1acb2e86850cbb24a316cdbd63e8b431f5" kindref="member">sptr</ref></type>
        <definition>static sptr gr::scrambler_cpp::custom_scrambler::make</definition>
        <argsstring>(int mask, int seed, int len, int frame_bits)</argsstring>
        <name>make</name>
        <param>
          <type>int</type>
          <declname>mask</declname>
        </param>
        <param>
          <type>int</type>
          <declname>seed</declname>
        </param>
        <param>
          <type>int</type>
          <declname>len</declname>
        </param>
        <param>
          <type>int</type>
          <declname>frame_bits</declname>
        </param>
        <briefdescription>
<para>Return a shared_ptr to a new instance of <ref refid="classgr_1_1scrambler__cpp_1_1custom__scrambler" kindref="compound">scrambler_cpp::custom_scrambler</ref>. </para>        </briefdescription>
        <detaileddescription>
<para>To avoid accidental use of raw pointers, <ref refid="classgr_1_1scrambler__cpp_1_1custom__scrambler" kindref="compound">scrambler_cpp::custom_scrambler</ref>&apos;s constructor is in a private implementation class. <ref refid="classgr_1_1scrambler__cpp_1_1custom__scrambler_1a3d3540ee73a508c61cbe90b3dcb085f6" kindref="member">scrambler_cpp::custom_scrambler::make</ref> is the public interface for creating new instances. </para>        </detaileddescription>
        <inbodydescription>
        </inbodydescription>
        <location file="/home/andre/investigacao/gr-scrambler_cpp/include/scrambler_cpp/custom_scrambler.h" line="49" column="1"/>
      </memberdef>
      </sectiondef>
    <briefdescription>
<para>&lt;+description of block+&gt; </para>    </briefdescription>
    <detaileddescription>
    </detaileddescription>
    <inheritancegraph>
      <node id="4">
        <label>gr::scrambler_cpp::custom_scrambler</label>
        <link refid="classgr_1_1scrambler__cpp_1_1custom__scrambler"/>
        <childnode refid="5" relation="public-inheritance">
        </childnode>
      </node>
      <node id="5">
        <label>gr::block</label>
      </node>
    </inheritancegraph>
    <collaborationgraph>
      <node id="6">
        <label>gr::scrambler_cpp::custom_scrambler</label>
        <link refid="classgr_1_1scrambler__cpp_1_1custom__scrambler"/>
        <childnode refid="7" relation="public-inheritance">
        </childnode>
      </node>
      <node id="7">
        <label>gr::block</label>
      </node>
    </collaborationgraph>
    <location file="/home/andre/investigacao/gr-scrambler_cpp/include/scrambler_cpp/custom_scrambler.h" line="37" column="1" bodyfile="/home/andre/investigacao/gr-scrambler_cpp/include/scrambler_cpp/custom_scrambler.h" bodystart="36" bodyend="50"/>
    <listofallmembers>
      <member refid="classgr_1_1scrambler__cpp_1_1custom__scrambler_1a3d3540ee73a508c61cbe90b3dcb085f6" prot="public" virt="non-virtual"><scope>gr::scrambler_cpp::custom_scrambler</scope><name>make</name></member>
      <member refid="classgr_1_1scrambler__cpp_1_1custom__scrambler_1acb2e86850cbb24a316cdbd63e8b431f5" prot="public" virt="non-virtual"><scope>gr::scrambler_cpp::custom_scrambler</scope><name>sptr</name></member>
    </listofallmembers>
  </compounddef>
</doxygen>
