<?xml version='1.0' encoding='UTF-8' standalone='no'?>
<doxygen xmlns:xsi="http://www.w3.org/2001/XMLSchema-instance" xsi:noNamespaceSchemaLocation="compound.xsd" version="1.8.13">
  <compounddef id="classgr_1_1scrambler__cpp_1_1custom__descrambler" kind="class" language="C++" prot="public">
    <compoundname>gr::scrambler_cpp::custom_descrambler</compoundname>
    <basecompoundref prot="public" virt="virtual">block</basecompoundref>
    <includes refid="custom__descrambler_8h" local="no">custom_descrambler.h</includes>
      <sectiondef kind="public-type">
      <memberdef kind="typedef" id="classgr_1_1scrambler__cpp_1_1custom__descrambler_1ab683206796d601ab03c4fc78befca6e8" prot="public" static="no">
        <type>boost::shared_ptr&lt; <ref refid="classgr_1_1scrambler__cpp_1_1custom__descrambler" kindref="compound">custom_descrambler</ref> &gt;</type>
        <definition>typedef boost::shared_ptr&lt;custom_descrambler&gt; gr::scrambler_cpp::custom_descrambler::sptr</definition>
        <argsstring></argsstring>
        <name>sptr</name>
        <briefdescription>
        </briefdescription>
        <detaileddescription>
        </detaileddescription>
        <inbodydescription>
        </inbodydescription>
        <location file="/home/andre/investigacao/gr-scrambler_cpp/include/scrambler_cpp/custom_descrambler.h" line="39" column="1" bodyfile="/home/andre/investigacao/gr-scrambler_cpp/include/scrambler_cpp/custom_descrambler.h" bodystart="39" bodyend="-1"/>
      </memberdef>
      </sectiondef>
      <sectiondef kind="public-static-func">
      <memberdef kind="function" id="classgr_1_1scrambler__cpp_1_1custom__descrambler_1a8a9a24cf69396ee08f33ce0b03914424" prot="public" static="yes" const="no" explicit="no" inline="no" virt="non-virtual">
        <type><ref refid="classgr_1_1scrambler__cpp_1_1custom__descrambler_1ab683206796d601ab03c4fc78befca6e8" kindref="member">sptr</ref></type>
        <definition>static sptr gr::scrambler_cpp::custom_descrambler::make</definition>
        <argsstring>(int mask, int seed, int len, int frame_bits)</argsstring>
        <name>make</name>
        <param>
          <type>int</type>
          <declname>mask</declname>
        </param>
        <param>
          <type>int</type>
          <declname>seed</declname>
        </param>
        <param>
          <type>int</type>
          <declname>len</declname>
        </param>
        <param>
          <type>int</type>
          <declname>frame_bits</declname>
        </param>
        <briefdescription>
<para>Return a shared_ptr to a new instance of <ref refid="classgr_1_1scrambler__cpp_1_1custom__descrambler" kindref="compound">scrambler_cpp::custom_descrambler</ref>. </para>        </briefdescription>
        <detaileddescription>
<para>To avoid accidental use of raw pointers, <ref refid="classgr_1_1scrambler__cpp_1_1custom__descrambler" kindref="compound">scrambler_cpp::custom_descrambler</ref>&apos;s constructor is in a private implementation class. <ref refid="classgr_1_1scrambler__cpp_1_1custom__descrambler_1a8a9a24cf69396ee08f33ce0b03914424" kindref="member">scrambler_cpp::custom_descrambler::make</ref> is the public interface for creating new instances. </para>        </detaileddescription>
        <inbodydescription>
        </inbodydescription>
        <location file="/home/andre/investigacao/gr-scrambler_cpp/include/scrambler_cpp/custom_descrambler.h" line="49" column="1"/>
      </memberdef>
      </sectiondef>
    <briefdescription>
<para>&lt;+description of block+&gt; </para>    </briefdescription>
    <detaileddescription>
    </detaileddescription>
    <inheritancegraph>
      <node id="1">
        <label>block</label>
      </node>
      <node id="0">
        <label>gr::scrambler_cpp::custom_descrambler</label>
        <link refid="classgr_1_1scrambler__cpp_1_1custom__descrambler"/>
        <childnode refid="1" relation="public-inheritance">
        </childnode>
      </node>
    </inheritancegraph>
    <collaborationgraph>
      <node id="3">
        <label>block</label>
      </node>
      <node id="2">
        <label>gr::scrambler_cpp::custom_descrambler</label>
        <link refid="classgr_1_1scrambler__cpp_1_1custom__descrambler"/>
        <childnode refid="3" relation="public-inheritance">
        </childnode>
      </node>
    </collaborationgraph>
    <location file="/home/andre/investigacao/gr-scrambler_cpp/include/scrambler_cpp/custom_descrambler.h" line="37" column="1" bodyfile="/home/andre/investigacao/gr-scrambler_cpp/include/scrambler_cpp/custom_descrambler.h" bodystart="36" bodyend="50"/>
    <listofallmembers>
      <member refid="classgr_1_1scrambler__cpp_1_1custom__descrambler_1a8a9a24cf69396ee08f33ce0b03914424" prot="public" virt="non-virtual"><scope>gr::scrambler_cpp::custom_descrambler</scope><name>make</name></member>
      <member refid="classgr_1_1scrambler__cpp_1_1custom__descrambler_1ab683206796d601ab03c4fc78befca6e8" prot="public" virt="non-virtual"><scope>gr::scrambler_cpp::custom_descrambler</scope><name>sptr</name></member>
    </listofallmembers>
  </compounddef>
</doxygen>
