<?xml version='1.0' encoding='UTF-8' standalone='no'?>
<doxygen xmlns:xsi="http://www.w3.org/2001/XMLSchema-instance" xsi:noNamespaceSchemaLocation="compound.xsd" version="1.8.13">
  <compounddef id="dir_d44c64559bbebec7f509842c48db8b23" kind="dir">
    <compoundname>include</compoundname>
    <innerdir refid="dir_eec20cd2d33e480068c09e037cc9e4b8">scrambler_cpp</innerdir>
    <briefdescription>
    </briefdescription>
    <detaileddescription>
    </detaileddescription>
    <location file="/home/andre/investigacao/gr-scrambler_cpp/include/"/>
  </compounddef>
</doxygen>
