<?xml version='1.0' encoding='UTF-8' standalone='no'?>
<doxygen xmlns:xsi="http://www.w3.org/2001/XMLSchema-instance" xsi:noNamespaceSchemaLocation="compound.xsd" version="1.8.13">
  <compounddef id="namespacegr" kind="namespace" language="C++">
    <compoundname>gr</compoundname>
    <innernamespace refid="namespacegr_1_1scrambler__cpp">gr::scrambler_cpp</innernamespace>
    <briefdescription>
    </briefdescription>
    <detaileddescription>
    </detaileddescription>
    <location file="/home/andre/investigacao/gr-scrambler_cpp/include/scrambler_cpp/custom_descrambler.h" line="28" column="1"/>
  </compounddef>
</doxygen>
