<?xml version='1.0' encoding='UTF-8' standalone='no'?>
<doxygen xmlns:xsi="http://www.w3.org/2001/XMLSchema-instance" xsi:noNamespaceSchemaLocation="compound.xsd" version="1.8.13">
  <compounddef id="api_8h" kind="file" language="C++">
    <compoundname>api.h</compoundname>
    <includes local="no">gnuradio/attributes.h</includes>
    <includedby refid="cac__bb_8h" local="no">cac_bb.h</includedby>
    <incdepgraph>
      <node id="1">
        <label>gnuradio/attributes.h</label>
      </node>
      <node id="0">
        <label>api.h</label>
        <link refid="api_8h"/>
        <childnode refid="1" relation="include">
        </childnode>
      </node>
    </incdepgraph>
    <invincdepgraph>
      <node id="3">
        <label>cac_bb.h</label>
        <link refid="cac__bb_8h"/>
        <childnode refid="4" relation="include">
        </childnode>
      </node>
      <node id="2">
        <label>api.h</label>
        <link refid="api_8h"/>
        <childnode refid="3" relation="include">
        </childnode>
      </node>
      <node id="4">
        <label>cac_bb_impl.h</label>
        <link refid="cac__bb__impl_8h"/>
      </node>
    </invincdepgraph>
      <sectiondef kind="define">
      <memberdef kind="define" id="api_8h_1ab842cd333dc05015035f07d7f646f6bc" prot="public" static="no">
        <name>CAC_CPP_API</name>
        <initializer>__GR_ATTR_IMPORT</initializer>
        <briefdescription>
        </briefdescription>
        <detaileddescription>
        </detaileddescription>
        <inbodydescription>
        </inbodydescription>
        <location file="/home/it/investigacao/OOT/gr-cac_cpp/include/cac_cpp/api.h" line="31" column="10" bodyfile="/home/it/investigacao/OOT/gr-cac_cpp/include/cac_cpp/api.h" bodystart="31" bodyend="-1"/>
      </memberdef>
      </sectiondef>
    <briefdescription>
    </briefdescription>
    <detaileddescription>
    </detaileddescription>
    <location file="/home/it/investigacao/OOT/gr-cac_cpp/include/cac_cpp/api.h"/>
  </compounddef>
</doxygen>
