<?xml version='1.0' encoding='UTF-8' standalone='no'?>
<doxygen xmlns:xsi="http://www.w3.org/2001/XMLSchema-instance" xsi:noNamespaceSchemaLocation="compound.xsd" version="1.8.13">
  <compounddef id="cac__bb__impl_8h" kind="file" language="C++">
    <compoundname>cac_bb_impl.h</compoundname>
    <includes refid="cac__bb_8h" local="no">cac_cpp/cac_bb.h</includes>
    <includes local="no">rs_changed.c</includes>
    <incdepgraph>
      <node id="12">
        <label>cac_cpp/cac_bb.h</label>
        <link refid="cac__bb_8h"/>
        <childnode refid="13" relation="include">
        </childnode>
        <childnode refid="15" relation="include">
        </childnode>
      </node>
      <node id="16">
        <label>rs_changed.c</label>
      </node>
      <node id="14">
        <label>gnuradio/attributes.h</label>
      </node>
      <node id="13">
        <label>cac_cpp/api.h</label>
        <link refid="api_8h"/>
        <childnode refid="14" relation="include">
        </childnode>
      </node>
      <node id="15">
        <label>gnuradio/block.h</label>
      </node>
      <node id="11">
        <label>cac_bb_impl.h</label>
        <link refid="cac__bb__impl_8h"/>
        <childnode refid="12" relation="include">
        </childnode>
        <childnode refid="16" relation="include">
        </childnode>
      </node>
    </incdepgraph>
    <innerclass refid="classgr_1_1cac__cpp_1_1cac__bb__impl" prot="public">gr::cac_cpp::cac_bb_impl</innerclass>
    <innernamespace refid="namespacegr">gr</innernamespace>
    <innernamespace refid="namespacegr_1_1cac__cpp">gr::cac_cpp</innernamespace>
    <briefdescription>
    </briefdescription>
    <detaileddescription>
    </detaileddescription>
    <location file="/home/it/investigacao/OOT/gr-cac_cpp/lib/cac_bb_impl.h"/>
  </compounddef>
</doxygen>
