<?xml version='1.0' encoding='UTF-8' standalone='no'?>
<doxygen xmlns:xsi="http://www.w3.org/2001/XMLSchema-instance" xsi:noNamespaceSchemaLocation="compound.xsd" version="1.8.13">
  <compounddef id="cac__bb_8h" kind="file" language="C++">
    <compoundname>cac_bb.h</compoundname>
    <includes refid="api_8h" local="no">cac_cpp/api.h</includes>
    <includes local="no">gnuradio/block.h</includes>
    <includedby refid="cac__bb__impl_8h" local="no">cac_bb_impl.h</includedby>
    <incdepgraph>
      <node id="5">
        <label>cac_bb.h</label>
        <link refid="cac__bb_8h"/>
        <childnode refid="6" relation="include">
        </childnode>
        <childnode refid="8" relation="include">
        </childnode>
      </node>
      <node id="7">
        <label>gnuradio/attributes.h</label>
      </node>
      <node id="6">
        <label>cac_cpp/api.h</label>
        <link refid="api_8h"/>
        <childnode refid="7" relation="include">
        </childnode>
      </node>
      <node id="8">
        <label>gnuradio/block.h</label>
      </node>
    </incdepgraph>
    <invincdepgraph>
      <node id="9">
        <label>cac_bb.h</label>
        <link refid="cac__bb_8h"/>
        <childnode refid="10" relation="include">
        </childnode>
      </node>
      <node id="10">
        <label>cac_bb_impl.h</label>
        <link refid="cac__bb__impl_8h"/>
      </node>
    </invincdepgraph>
    <innerclass refid="classgr_1_1cac__cpp_1_1cac__bb" prot="public">gr::cac_cpp::cac_bb</innerclass>
    <innernamespace refid="namespacegr">gr</innernamespace>
    <innernamespace refid="namespacegr_1_1cac__cpp">gr::cac_cpp</innernamespace>
    <briefdescription>
    </briefdescription>
    <detaileddescription>
    </detaileddescription>
    <location file="/home/it/investigacao/OOT/gr-cac_cpp/include/cac_cpp/cac_bb.h"/>
  </compounddef>
</doxygen>
