<?xml version='1.0' encoding='UTF-8' standalone='no'?>
<doxygen xmlns:xsi="http://www.w3.org/2001/XMLSchema-instance" xsi:noNamespaceSchemaLocation="compound.xsd" version="1.8.13">
  <compounddef id="group__block" kind="group">
    <compoundname>block</compoundname>
    <title>GNU Radio CAC_CPP C++ Signal Processing Blocks</title>
    <briefdescription>
<para>All C++ blocks that can be used from the CAC_CPP GNU Radio module are listed here or in the subcategories below. </para>    </briefdescription>
    <detaileddescription>
    </detaileddescription>
  </compounddef>
</doxygen>
