<?xml version='1.0' encoding='UTF-8' standalone='no'?>
<doxygenindex xmlns:xsi="http://www.w3.org/2001/XMLSchema-instance" xsi:noNamespaceSchemaLocation="index.xsd" version="1.8.13">
  <compound refid="classgr_1_1cac__cpp_1_1cac__bb" kind="class"><name>gr::cac_cpp::cac_bb</name>
    <member refid="classgr_1_1cac__cpp_1_1cac__bb_1abd8c2355c6c893da18e9009e7b3e860c" kind="typedef"><name>sptr</name></member>
    <member refid="classgr_1_1cac__cpp_1_1cac__bb_1a8beaf4d2b9ac63ae269eecfb3e95e483" kind="function"><name>make</name></member>
    <member refid="classgr_1_1cac__cpp_1_1cac__bb_1a515c7878704ea8116b16c90f2205c490" kind="function"><name>set_access_code</name></member>
    <member refid="classgr_1_1cac__cpp_1_1cac__bb_1aa1227550e58fe04c97f0b26bc07fb965" kind="function"><name>access_code</name></member>
  </compound>
  <compound refid="classgr_1_1cac__cpp_1_1cac__bb__impl" kind="class"><name>gr::cac_cpp::cac_bb_impl</name>
    <member refid="classgr_1_1cac__cpp_1_1cac__bb__impl_1afb0d938074e464c95f3059d868862e99" kind="enum"><name>state_t</name></member>
    <member refid="classgr_1_1cac__cpp_1_1cac__bb__impl_1afb0d938074e464c95f3059d868862e99a50a0579986ae2904bfa824f2fe036e83" kind="enumvalue"><name>STATE_SYNC_SEARCH</name></member>
    <member refid="classgr_1_1cac__cpp_1_1cac__bb__impl_1afb0d938074e464c95f3059d868862e99aeab29dafde116a831acfe0e5be29c113" kind="enumvalue"><name>STATE_HAVE_SYNC</name></member>
    <member refid="classgr_1_1cac__cpp_1_1cac__bb__impl_1afb0d938074e464c95f3059d868862e99ac6f7537f968255a345378ab8b9af17fc" kind="enumvalue"><name>STATE_HAVE_HEADER</name></member>
    <member refid="classgr_1_1cac__cpp_1_1cac__bb__impl_1ab9677a8d48dfb78f590c3d6562b74e2d" kind="variable"><name>d_state</name></member>
    <member refid="classgr_1_1cac__cpp_1_1cac__bb__impl_1a823d5afec1493ed78266d7e65588e1bb" kind="variable"><name>d_access_code</name></member>
    <member refid="classgr_1_1cac__cpp_1_1cac__bb__impl_1a2719721ac464a4928559884373388cb0" kind="variable"><name>d_data_reg</name></member>
    <member refid="classgr_1_1cac__cpp_1_1cac__bb__impl_1aad85b613f4e67ef2056b652270c2f887" kind="variable"><name>d_mask</name></member>
    <member refid="classgr_1_1cac__cpp_1_1cac__bb__impl_1aa7b7020a2318660ad8e5898584c0bd6c" kind="variable"><name>d_threshold</name></member>
    <member refid="classgr_1_1cac__cpp_1_1cac__bb__impl_1aad258720d073556244e39110aafb1edb" kind="variable"><name>d_len</name></member>
    <member refid="classgr_1_1cac__cpp_1_1cac__bb__impl_1aaf0e63162026f4303458cb013e76f1f0" kind="variable"><name>d_hdr_reg</name></member>
    <member refid="classgr_1_1cac__cpp_1_1cac__bb__impl_1a7afd77ac8b6c46375d160dce3028189f" kind="variable"><name>d_hdr_count</name></member>
    <member refid="classgr_1_1cac__cpp_1_1cac__bb__impl_1a7cc541337ca307d9428026cec9a6b38d" kind="variable"><name>d_key</name></member>
    <member refid="classgr_1_1cac__cpp_1_1cac__bb__impl_1a591861e5691964051071f0d02c4bc1a8" kind="variable"><name>d_me</name></member>
    <member refid="classgr_1_1cac__cpp_1_1cac__bb__impl_1ac7f2055c5e76529a583fc98a15cf8fb8" kind="variable"><name>d_pkt_len</name></member>
    <member refid="classgr_1_1cac__cpp_1_1cac__bb__impl_1a1bf64ff30afbdbea92f091401a75f3df" kind="variable"><name>d_pkt_count</name></member>
    <member refid="classgr_1_1cac__cpp_1_1cac__bb__impl_1a62d2dc79dd8501876459e3541de85e9a" kind="variable"><name>count_bits_read</name></member>
    <member refid="classgr_1_1cac__cpp_1_1cac__bb__impl_1ab62fb2185f69ed02ebcb52d85d923cbc" kind="variable"><name>byte_to_be_inputed</name></member>
    <member refid="classgr_1_1cac__cpp_1_1cac__bb__impl_1a80301b78e0b35b55ed7c85434afeb285" kind="function"><name>enter_search</name></member>
    <member refid="classgr_1_1cac__cpp_1_1cac__bb__impl_1a0586700edb51b8b701cd555ed2fc6392" kind="function"><name>enter_have_sync</name></member>
    <member refid="classgr_1_1cac__cpp_1_1cac__bb__impl_1a9aff5b7edfd26e2c687b6912f1686ee0" kind="function"><name>enter_have_header</name></member>
    <member refid="classgr_1_1cac__cpp_1_1cac__bb__impl_1a8347d9b2ef2bd0d492e311af369c2a6c" kind="function"><name>header_ok</name></member>
    <member refid="classgr_1_1cac__cpp_1_1cac__bb__impl_1a8b40c987952d82c4f277d2ff670966ec" kind="function"><name>header_payload</name></member>
    <member refid="classgr_1_1cac__cpp_1_1cac__bb__impl_1a06db2b097a1258b47d743b1d7736d6f0" kind="function"><name>cac_bb_impl</name></member>
    <member refid="classgr_1_1cac__cpp_1_1cac__bb__impl_1ab2e7f6c50d4a4bdb3e916bf96f465410" kind="function"><name>~cac_bb_impl</name></member>
    <member refid="classgr_1_1cac__cpp_1_1cac__bb__impl_1a3b552d735d6dd1d9db786a106cf1df17" kind="function"><name>forecast</name></member>
    <member refid="classgr_1_1cac__cpp_1_1cac__bb__impl_1a687093d4d051e127992b55285b6fa9ce" kind="function"><name>general_work</name></member>
    <member refid="classgr_1_1cac__cpp_1_1cac__bb__impl_1a77e367ad7366fd04ecd14ff7ba2d2a9a" kind="function"><name>set_access_code</name></member>
    <member refid="classgr_1_1cac__cpp_1_1cac__bb__impl_1aecb081b71522c34271c22c719a49cbc4" kind="function"><name>access_code</name></member>
    <member refid="classgr_1_1cac__cpp_1_1cac__bb__impl_1a4132b3b5b58078dec7aaacbb9f085763" kind="function"><name>init_rs</name></member>
  </compound>
  <compound refid="namespacegr" kind="namespace"><name>gr</name>
  </compound>
  <compound refid="namespacegr_1_1cac__cpp" kind="namespace"><name>gr::cac_cpp</name>
  </compound>
  <compound refid="namespacestd" kind="namespace"><name>std</name>
  </compound>
  <compound refid="api_8h" kind="file"><name>api.h</name>
    <member refid="api_8h_1ab842cd333dc05015035f07d7f646f6bc" kind="define"><name>CAC_CPP_API</name></member>
  </compound>
  <compound refid="cac__bb_8h" kind="file"><name>cac_bb.h</name>
  </compound>
  <compound refid="cac__bb__impl_8h" kind="file"><name>cac_bb_impl.h</name>
  </compound>
  <compound refid="group__defs_8dox" kind="file"><name>group_defs.dox</name>
  </compound>
  <compound refid="main__page_8dox" kind="file"><name>main_page.dox</name>
  </compound>
  <compound refid="group__block" kind="group"><name>block</name>
  </compound>
  <compound refid="dir_ca8aab4a7dc2808552e03a0458cde6b1" kind="dir"><name>cac_cpp</name>
  </compound>
  <compound refid="dir_d44c64559bbebec7f509842c48db8b23" kind="dir"><name>include</name>
  </compound>
  <compound refid="dir_97aefd0d527b934f1d99a682da8fe6a9" kind="dir"><name>lib</name>
  </compound>
  <compound refid="indexpage" kind="page"><name>index</name>
  </compound>
</doxygenindex>
