<?xml version='1.0' encoding='UTF-8' standalone='no'?>
<doxygen xmlns:xsi="http://www.w3.org/2001/XMLSchema-instance" xsi:noNamespaceSchemaLocation="compound.xsd" version="1.8.13">
  <compounddef id="api_8h" kind="file" language="C++">
    <compoundname>api.h</compoundname>
    <includes local="no">gnuradio/attributes.h</includes>
    <includedby refid="depuncture64_8h" local="no">depuncture64.h</includedby>
    <includedby refid="puncture64_8h" local="no">puncture64.h</includedby>
    <incdepgraph>
      <node id="1">
        <label>gnuradio/attributes.h</label>
      </node>
      <node id="0">
        <label>api.h</label>
        <link refid="api_8h"/>
        <childnode refid="1" relation="include">
        </childnode>
      </node>
    </incdepgraph>
    <invincdepgraph>
      <node id="3">
        <label>depuncture64.h</label>
        <link refid="depuncture64_8h"/>
        <childnode refid="4" relation="include">
        </childnode>
      </node>
      <node id="5">
        <label>puncture64.h</label>
        <link refid="puncture64_8h"/>
        <childnode refid="6" relation="include">
        </childnode>
      </node>
      <node id="2">
        <label>api.h</label>
        <link refid="api_8h"/>
        <childnode refid="3" relation="include">
        </childnode>
        <childnode refid="5" relation="include">
        </childnode>
      </node>
      <node id="4">
        <label>depuncture64_impl.h</label>
        <link refid="depuncture64__impl_8h"/>
      </node>
      <node id="6">
        <label>puncture64_impl.h</label>
        <link refid="puncture64__impl_8h"/>
      </node>
    </invincdepgraph>
      <sectiondef kind="define">
      <memberdef kind="define" id="api_8h_1a7572c59b433b70268eb5f5835ff5589e" prot="public" static="no">
        <name>PUNCTURE64_CPP_API</name>
        <initializer>__GR_ATTR_IMPORT</initializer>
        <briefdescription>
        </briefdescription>
        <detaileddescription>
        </detaileddescription>
        <inbodydescription>
        </inbodydescription>
        <location file="/home/it/investigacao/OOT/gr-puncture64_cpp/include/puncture64_cpp/api.h" line="31" column="10" bodyfile="/home/it/investigacao/OOT/gr-puncture64_cpp/include/puncture64_cpp/api.h" bodystart="31" bodyend="-1"/>
      </memberdef>
      </sectiondef>
    <briefdescription>
    </briefdescription>
    <detaileddescription>
    </detaileddescription>
    <location file="/home/it/investigacao/OOT/gr-puncture64_cpp/include/puncture64_cpp/api.h"/>
  </compounddef>
</doxygen>
