<?xml version='1.0' encoding='UTF-8' standalone='no'?>
<doxygen xmlns:xsi="http://www.w3.org/2001/XMLSchema-instance" xsi:noNamespaceSchemaLocation="compound.xsd" version="1.8.13">
  <compounddef id="dir_97aefd0d527b934f1d99a682da8fe6a9" kind="dir">
    <compoundname>lib</compoundname>
    <innerfile refid="depuncture64__impl_8h">depuncture64_impl.h</innerfile>
    <innerfile refid="puncture64__impl_8h">puncture64_impl.h</innerfile>
    <briefdescription>
    </briefdescription>
    <detaileddescription>
    </detaileddescription>
    <location file="/home/it/investigacao/OOT/gr-puncture64_cpp/lib/"/>
  </compounddef>
</doxygen>
