<?xml version='1.0' encoding='UTF-8' standalone='no'?>
<doxygen xmlns:xsi="http://www.w3.org/2001/XMLSchema-instance" xsi:noNamespaceSchemaLocation="compound.xsd" version="1.8.13">
  <compounddef id="puncture64__impl_8h" kind="file" language="C++">
    <compoundname>puncture64_impl.h</compoundname>
    <includes refid="puncture64_8h" local="no">puncture64_cpp/puncture64.h</includes>
    <incdepgraph>
      <node id="30">
        <label>puncture64_cpp/puncture64.h</label>
        <link refid="puncture64_8h"/>
        <childnode refid="31" relation="include">
        </childnode>
        <childnode refid="33" relation="include">
        </childnode>
      </node>
      <node id="32">
        <label>gnuradio/attributes.h</label>
      </node>
      <node id="31">
        <label>puncture64_cpp/api.h</label>
        <link refid="api_8h"/>
        <childnode refid="32" relation="include">
        </childnode>
      </node>
      <node id="33">
        <label>gnuradio/block.h</label>
      </node>
      <node id="29">
        <label>puncture64_impl.h</label>
        <link refid="puncture64__impl_8h"/>
        <childnode refid="30" relation="include">
        </childnode>
      </node>
    </incdepgraph>
    <innerclass refid="classgr_1_1puncture64__cpp_1_1puncture64__impl" prot="public">gr::puncture64_cpp::puncture64_impl</innerclass>
    <innernamespace refid="namespacegr">gr</innernamespace>
    <innernamespace refid="namespacegr_1_1puncture64__cpp">gr::puncture64_cpp</innernamespace>
    <briefdescription>
    </briefdescription>
    <detaileddescription>
    </detaileddescription>
    <location file="/home/it/investigacao/OOT/gr-puncture64_cpp/lib/puncture64_impl.h"/>
  </compounddef>
</doxygen>
