<?xml version='1.0' encoding='UTF-8' standalone='no'?>
<doxygen xmlns:xsi="http://www.w3.org/2001/XMLSchema-instance" xsi:noNamespaceSchemaLocation="compound.xsd" version="1.8.13">
  <compounddef id="puncture64_8h" kind="file" language="C++">
    <compoundname>puncture64.h</compoundname>
    <includes refid="api_8h" local="no">puncture64_cpp/api.h</includes>
    <includes local="no">gnuradio/block.h</includes>
    <includedby refid="puncture64__impl_8h" local="no">puncture64_impl.h</includedby>
    <incdepgraph>
      <node id="23">
        <label>puncture64.h</label>
        <link refid="puncture64_8h"/>
        <childnode refid="24" relation="include">
        </childnode>
        <childnode refid="26" relation="include">
        </childnode>
      </node>
      <node id="25">
        <label>gnuradio/attributes.h</label>
      </node>
      <node id="24">
        <label>puncture64_cpp/api.h</label>
        <link refid="api_8h"/>
        <childnode refid="25" relation="include">
        </childnode>
      </node>
      <node id="26">
        <label>gnuradio/block.h</label>
      </node>
    </incdepgraph>
    <invincdepgraph>
      <node id="27">
        <label>puncture64.h</label>
        <link refid="puncture64_8h"/>
        <childnode refid="28" relation="include">
        </childnode>
      </node>
      <node id="28">
        <label>puncture64_impl.h</label>
        <link refid="puncture64__impl_8h"/>
      </node>
    </invincdepgraph>
    <innerclass refid="classgr_1_1puncture64__cpp_1_1puncture64" prot="public">gr::puncture64_cpp::puncture64</innerclass>
    <innernamespace refid="namespacegr">gr</innernamespace>
    <innernamespace refid="namespacegr_1_1puncture64__cpp">gr::puncture64_cpp</innernamespace>
    <briefdescription>
    </briefdescription>
    <detaileddescription>
    </detaileddescription>
    <location file="/home/it/investigacao/OOT/gr-puncture64_cpp/include/puncture64_cpp/puncture64.h"/>
  </compounddef>
</doxygen>
