<?xml version="1.0"?>
<block>
  <name>rs_decoder_custom</name>
  <key>rs_cpp_rs_decoder_custom</key>
  <category>[rs_cpp]</category>
  <import>import rs_cpp</import>
  <make>rs_cpp.rs_decoder_custom($teste)</make>
  
  <param>
    <name>test</name>
    <key>test</key>
    <type>int</type>
  </param>

  <!-- Make one 'sink' node per input. Sub-nodes:
       * name (an identifier for the GUI)
       * type
       * vlen
       * optional (set to 1 for optional inputs) -->
  <sink>
    <name>in</name>
    <type>byte</type>
  </sink>

  <!-- Make one 'source' node per output. Sub-nodes:
       * name (an identifier for the GUI)
       * type
       * vlen
       * optional (set to 1 for optional inputs) -->
  <source>
    <name>out</name>
    <type>byte</type>
  </source>
</block>
