<?xml version='1.0' encoding='UTF-8' standalone='no'?>
<doxygen xmlns:xsi="http://www.w3.org/2001/XMLSchema-instance" xsi:noNamespaceSchemaLocation="compound.xsd" version="1.8.13">
  <compounddef id="depuncture64_8h" kind="file" language="C++">
    <compoundname>depuncture64.h</compoundname>
    <includes refid="api_8h" local="no">puncture64_cpp/api.h</includes>
    <includes local="no">gnuradio/block.h</includes>
    <incdepgraph>
      <node id="5">
        <label>depuncture64.h</label>
        <link refid="depuncture64_8h"/>
        <childnode refid="6" relation="include">
        </childnode>
        <childnode refid="8" relation="include">
        </childnode>
      </node>
      <node id="7">
        <label>gnuradio/attributes.h</label>
      </node>
      <node id="6">
        <label>puncture64_cpp/api.h</label>
        <link refid="api_8h"/>
        <childnode refid="7" relation="include">
        </childnode>
      </node>
      <node id="8">
        <label>gnuradio/block.h</label>
      </node>
    </incdepgraph>
    <innerclass refid="classgr_1_1puncture64__cpp_1_1depuncture64" prot="public">gr::puncture64_cpp::depuncture64</innerclass>
    <innernamespace refid="namespacegr">gr</innernamespace>
    <innernamespace refid="namespacegr_1_1puncture64__cpp">gr::puncture64_cpp</innernamespace>
    <briefdescription>
    </briefdescription>
    <detaileddescription>
    </detaileddescription>
    <programlisting>
<codeline lineno="1"><highlight class="comment">/*<sp/>-*-<sp/>c++<sp/>-*-<sp/>*/</highlight><highlight class="normal"></highlight></codeline>
<codeline lineno="2"><highlight class="normal"></highlight><highlight class="comment">/*<sp/></highlight></codeline>
<codeline lineno="3"><highlight class="comment"><sp/>*<sp/>Copyright<sp/>2020<sp/>andre<sp/>silva.</highlight></codeline>
<codeline lineno="4"><highlight class="comment"><sp/>*<sp/></highlight></codeline>
<codeline lineno="5"><highlight class="comment"><sp/>*<sp/>This<sp/>is<sp/>free<sp/>software;<sp/>you<sp/>can<sp/>redistribute<sp/>it<sp/>and/or<sp/>modify</highlight></codeline>
<codeline lineno="6"><highlight class="comment"><sp/>*<sp/>it<sp/>under<sp/>the<sp/>terms<sp/>of<sp/>the<sp/>GNU<sp/>General<sp/>Public<sp/>License<sp/>as<sp/>published<sp/>by</highlight></codeline>
<codeline lineno="7"><highlight class="comment"><sp/>*<sp/>the<sp/>Free<sp/>Software<sp/>Foundation;<sp/>either<sp/>version<sp/>3,<sp/>or<sp/>(at<sp/>your<sp/>option)</highlight></codeline>
<codeline lineno="8"><highlight class="comment"><sp/>*<sp/>any<sp/>later<sp/>version.</highlight></codeline>
<codeline lineno="9"><highlight class="comment"><sp/>*<sp/></highlight></codeline>
<codeline lineno="10"><highlight class="comment"><sp/>*<sp/>This<sp/>software<sp/>is<sp/>distributed<sp/>in<sp/>the<sp/>hope<sp/>that<sp/>it<sp/>will<sp/>be<sp/>useful,</highlight></codeline>
<codeline lineno="11"><highlight class="comment"><sp/>*<sp/>but<sp/>WITHOUT<sp/>ANY<sp/>WARRANTY;<sp/>without<sp/>even<sp/>the<sp/>implied<sp/>warranty<sp/>of</highlight></codeline>
<codeline lineno="12"><highlight class="comment"><sp/>*<sp/>MERCHANTABILITY<sp/>or<sp/>FITNESS<sp/>FOR<sp/>A<sp/>PARTICULAR<sp/>PURPOSE.<sp/><sp/>See<sp/>the</highlight></codeline>
<codeline lineno="13"><highlight class="comment"><sp/>*<sp/>GNU<sp/>General<sp/>Public<sp/>License<sp/>for<sp/>more<sp/>details.</highlight></codeline>
<codeline lineno="14"><highlight class="comment"><sp/>*<sp/></highlight></codeline>
<codeline lineno="15"><highlight class="comment"><sp/>*<sp/>You<sp/>should<sp/>have<sp/>received<sp/>a<sp/>copy<sp/>of<sp/>the<sp/>GNU<sp/>General<sp/>Public<sp/>License</highlight></codeline>
<codeline lineno="16"><highlight class="comment"><sp/>*<sp/>along<sp/>with<sp/>this<sp/>software;<sp/>see<sp/>the<sp/>file<sp/>COPYING.<sp/><sp/>If<sp/>not,<sp/>write<sp/>to</highlight></codeline>
<codeline lineno="17"><highlight class="comment"><sp/>*<sp/>the<sp/>Free<sp/>Software<sp/>Foundation,<sp/>Inc.,<sp/>51<sp/>Franklin<sp/>Street,</highlight></codeline>
<codeline lineno="18"><highlight class="comment"><sp/>*<sp/>Boston,<sp/>MA<sp/>02110-1301,<sp/>USA.</highlight></codeline>
<codeline lineno="19"><highlight class="comment"><sp/>*/</highlight><highlight class="normal"></highlight></codeline>
<codeline lineno="20"><highlight class="normal"></highlight></codeline>
<codeline lineno="21"><highlight class="normal"></highlight></codeline>
<codeline lineno="22"><highlight class="normal"></highlight><highlight class="preprocessor">#ifndef<sp/>INCLUDED_PUNCTURE64_CPP_DEPUNCTURE64_H</highlight><highlight class="normal"></highlight></codeline>
<codeline lineno="23"><highlight class="normal"></highlight><highlight class="preprocessor">#define<sp/>INCLUDED_PUNCTURE64_CPP_DEPUNCTURE64_H</highlight><highlight class="normal"></highlight></codeline>
<codeline lineno="24"><highlight class="normal"></highlight></codeline>
<codeline lineno="25"><highlight class="normal"></highlight><highlight class="preprocessor">#include<sp/>&lt;<ref refid="api_8h" kindref="compound">puncture64_cpp/api.h</ref>&gt;</highlight><highlight class="normal"></highlight></codeline>
<codeline lineno="26"><highlight class="normal"></highlight><highlight class="preprocessor">#include<sp/>&lt;gnuradio/block.h&gt;</highlight><highlight class="normal"></highlight></codeline>
<codeline lineno="27"><highlight class="normal"></highlight></codeline>
<codeline lineno="28" refid="namespacegr" refkind="compound"><highlight class="normal"></highlight><highlight class="keyword">namespace<sp/></highlight><highlight class="normal"><ref refid="namespacegr" kindref="compound">gr</ref><sp/>{</highlight></codeline>
<codeline lineno="29" refid="namespacegr_1_1puncture64__cpp" refkind="compound"><highlight class="normal"><sp/><sp/></highlight><highlight class="keyword">namespace<sp/></highlight><highlight class="normal">puncture64_cpp<sp/>{</highlight></codeline>
<codeline lineno="30"><highlight class="normal"></highlight></codeline>
<codeline lineno="36" refid="classgr_1_1puncture64__cpp_1_1depuncture64" refkind="compound"><highlight class="normal"><sp/><sp/><sp/><sp/></highlight><highlight class="keyword">class<sp/></highlight><highlight class="normal"><ref refid="api_8h_1a7572c59b433b70268eb5f5835ff5589e" kindref="member">PUNCTURE64_CPP_API</ref><sp/><ref refid="classgr_1_1puncture64__cpp_1_1depuncture64" kindref="compound">depuncture64</ref><sp/>:<sp/></highlight><highlight class="keyword">virtual</highlight><highlight class="normal"><sp/></highlight><highlight class="keyword">public</highlight><highlight class="normal"><sp/>gr::block</highlight></codeline>
<codeline lineno="37"><highlight class="normal"><sp/><sp/><sp/><sp/>{</highlight></codeline>
<codeline lineno="38"><highlight class="normal"><sp/><sp/><sp/><sp/><sp/></highlight><highlight class="keyword">public</highlight><highlight class="normal">:</highlight></codeline>
<codeline lineno="39" refid="classgr_1_1puncture64__cpp_1_1depuncture64_1a52f61930b68e58058e5259784f4ce5e2" refkind="member"><highlight class="normal"><sp/><sp/><sp/><sp/><sp/><sp/></highlight><highlight class="keyword">typedef</highlight><highlight class="normal"><sp/>boost::shared_ptr&lt;depuncture64&gt;<sp/><ref refid="classgr_1_1puncture64__cpp_1_1depuncture64_1a52f61930b68e58058e5259784f4ce5e2" kindref="member">sptr</ref>;</highlight></codeline>
<codeline lineno="40"><highlight class="normal"></highlight></codeline>
<codeline lineno="49"><highlight class="normal"><sp/><sp/><sp/><sp/><sp/><sp/></highlight><highlight class="keyword">static</highlight><highlight class="normal"><sp/>sptr<sp/>make(</highlight><highlight class="keywordtype">int</highlight><highlight class="normal"><sp/>puncsize,<sp/>uint64_t<sp/>puncpat,<sp/></highlight><highlight class="keywordtype">char</highlight><highlight class="normal"><sp/>sym);</highlight></codeline>
<codeline lineno="50"><highlight class="normal"><sp/><sp/><sp/><sp/>};</highlight></codeline>
<codeline lineno="51"><highlight class="normal"></highlight></codeline>
<codeline lineno="52"><highlight class="normal"><sp/><sp/>}<sp/></highlight><highlight class="comment">//<sp/>namespace<sp/>puncture64_cpp</highlight><highlight class="normal"></highlight></codeline>
<codeline lineno="53"><highlight class="normal">}<sp/></highlight><highlight class="comment">//<sp/>namespace<sp/>gr</highlight><highlight class="normal"></highlight></codeline>
<codeline lineno="54"><highlight class="normal"></highlight></codeline>
<codeline lineno="55"><highlight class="normal"></highlight><highlight class="preprocessor">#endif<sp/></highlight><highlight class="comment">/*<sp/>INCLUDED_PUNCTURE64_CPP_DEPUNCTURE64_H<sp/>*/</highlight><highlight class="preprocessor"></highlight><highlight class="normal"></highlight></codeline>
<codeline lineno="56"><highlight class="normal"></highlight></codeline>
    </programlisting>
    <location file="/home/it/investigacao/OOT/gr-puncture64_cpp/include/puncture64_cpp/depuncture64.h"/>
  </compounddef>
</doxygen>
